{
    "precision": 0.9285714285714286,
    "recall": 0.03768115942028986,
    "fbeta": 0.07242339832869081,
    "n": 13025
}